label,transform,n,yes,no,uncertain,unparsed,yes_rate,cwe_match_rate,errors,avg_in_tokens,avg_out_tokens,avg_sec,thinking_rate,avg_reasoning_tokens
vuln,original,15,15,0,0,0,1.0,1.0,0,446,824,11.3,1.0,709
vuln,algebraic,15,15,0,0,0,1.0,1.0,0,590,1083,13.6,1.0,930
vuln,sat3,15,13,2,0,0,0.8666666666666667,0.8666666666666667,0,1720,6323,60.7,1.0,6195
vuln,smt,15,15,0,0,0,1.0,1.0,0,620,1509,18.1,1.0,1363
vuln,combo,15,7,8,0,0,0.4666666666666667,0.4666666666666667,0,5437,19903,206.7,1.0,19741
safe,original,15,0,15,0,0,0.0,,0,472,771,12.7,1.0,661
safe,algebraic,15,0,15,0,0,0.0,,0,615,810,15.5,1.0,678
safe,sat3,15,0,15,0,0,0.0,,0,1749,624,10.9,1.0,510
safe,smt,15,0,15,0,0,0.0,,0,646,972,15.3,1.0,855
safe,combo,15,0,15,0,0,0.0,,0,5465,932,15.8,1.0,804
